Vm Count,Start Time,Finish Time,WallClock Time,BandWidth,Cloudlet
500,0.3,12.84425,12.54425,22.7,100
500,0.3,12.78575,12.48575,22.7,300
500,0.3,13.2845,12.9845,24,400
500,0.3,15.8905,15.5905,12.6,500
500,0.3,23.899,23.599,10.9,1000
